word,kelime,english_sentence,turkce_cumle
a,bir,This is a table.,Bu bir masa.
an,bir,This is an apple.,Bu bir elmadır.
ability,yetenek,He has the ability to do this job.,Bu işi yapma yeteneğine sahiptir.
able,hünerli,Are you able to lift this heavy suitcase?,Bu ağır bavulu kaldırabiliyor musunuz?
about,hakkında,This book is about Germany.,Bu kitap Almanya ile ilgili.
accept,kabul etmek,I accepted the wedding invitation.,Düğün davetiyesini kabul ettim.
accident,kaza,The car accident was very bad.,Araba kazası çok kötüydü.
by accident,kazayla,He broke the window by accident.,Pencereyi kazara kırdı.
across,karşısında,She walked across the park.,Parkın karşısında yürüdü.
act,davranmak,He is acting very strangely.,Çok garip davranıyor.
action,aksiyon,You are responsible for your actions.,Eylemlerinizden siz sorumlusunuz.
activity,aktivite,He enjoys all the activities in school.,Okuldaki tüm etkinliklerden hoşlanıyor.
add,eklemek,She added salt to the soup.,Çorbaya tuz ekledi.
address,adres,What is your address?,Adresiniz nedir?
adjective,sıfat,Beautiful is an adjective.,Güzel bir sıfattır.
advantage,avantaj,Speaking English is an advantage.,İngilizce konuşmak bir avantajdır.
aerial,hava,There are 10 TV aerials on the roof.,Çatıda 10 TV antial var.
aeroplane,uçak,This aeroplane flies to Australia.,Bu uçak Avustralya'ya uçuyor.
afraid,korkmuş,He is afraid of snakes.,Yılanlardan korkuyor.
after,sonrasında,After dinner they went to the cinema.,Akşam yemeğinden sonra sinemaya gittiler.
afternoon,öğleden sonra,He went out in the morning and came home in the afternoon.,Sabah dışarı çıktı ve öğleden sonra eve geldi.
again,Tekrar,Can you play that song again?,O şarkıyı tekrar çalabilir misin?
against,aykırı,He threw the ball against the wall.,Topu duvara attı.
age,yaş,Do you know my age?,Yaşımı biliyor musun?
ago,evvel,Two years ago I met him on the street.,İki yıl önce onunla sokakta tanıştım.
agree,kabul etmek,He doesn't agree with me.,Benimle aynı fikirde değil.
air,hava,He threw the ball into the air.,Topu havaya attı.
air-conditioner,klima,This car has automatic air-conditioner.,Bu arabanın otomatik klima var.
airline,havayolu,David always travels by United Airlines.,David her zaman United Airlines tarafından seyahat ediyor.
airplane,uçak,England has bought a lot of airplanes from France.,İngiltere Fransa'dan çok fazla uçak satın aldı.
alike,aynı,Those two bicycles look alike.,Bu iki bisiklet birbirine benziyor.
alive,canlı,Hey! This fish is still alive!,Hey! Bu balık hala yaşıyor!
all,Tümü,She put all her money in the bank.,Tüm parasını bankaya koydu.
all right,Elbette,He was all right after the accident.,Kazadan hemen sonra oldu.
allow,izin vermek,Smoking is not allowed here.,Burada sigara içilmesine izin verilmiyor.
almost,neredeyse,He almost died in the car crash.,Neredeyse araba kazasında öldü.
alone,yalnız,He lives alone.,Yalnız yaşıyor.
along,birlikte,He walked along the road for three kilometres.,Üç kilometre boyunca yol boyunca yürüdü.
aloud,yüksek sesle,She read the book aloud.,Kitabı yüksek sesle okudu.
alphabet,alfabe,There are 26 letters in the English alphabet.,İngiliz alfabesinde 26 harf var.
also,Ayrıca,She sings beautifully and also plays the piano.,Güzel şarkı söylüyor ve aynı zamanda piyanoyu oynuyor.
always,Her zaman,He is always late for school.,Her zaman okula geç kalır.
among,arasında,There was an apple among the oranges.,Portakallar arasında bir elma vardı.
and,Ve,We sang and danced.,Şarkı söyledik ve dans ettik.
angry,sinirli,The teacher was angry with the noisy students.,Öğretmen gürültülü öğrencilere kızgındı.
animal,hayvan,"Cats, dogs, horses, cows and sheep are animals.","Kediler, köpekler, atlar, inekler ve koyunlar hayvandır."
another,bir diğer,Have you got another book?,Başka bir kitabın var mı?
answer,cevap,He answered the question.,Soruyu cevapladı.
ant,karınca,Ants live in large groups.,Karıncalar büyük gruplarda yaşarlar.
any,herhangi,Have you any apples?,Herhangi bir elmanın var mı?
anybody,kimse,Is there anybody at home?,Evde kimse var mı?
anyone,herhangi biri,Has anyone seen my book?,Kitabımı gören var mı?
anything,herhangi bir şey,I don't want anything.,Hiçbir şey istemiyorum.
anywhere,herhangi bir yer,I can't see my jacket anywhere.,Ceketimi hiçbir yerde göremiyorum.
apple,elma,I ate two apples.,İki elma yedim.
aprikot,çiğ,He bought a kilo of apricots.,Bir kilo kayısı aldı.
april,nisan,Mary was born on the first day of April.,"Mary, Nisan ayının ilk gününde doğdu."
are,var olan,You are very kind.,Çok kibarsın.
arm,kol,She broke her arm.,Kolunu kırdı.
armchair,koltuk,This armchair is very comfortable.,Bu koltuk çok rahat.
army,ordu,This lorry belongs to the army.,Bu kamyon orduya ait.
around,etrafında,There were 6 chairs around the table.,Masanın etrafında 6 sandalye vardı.
as,gibi,The play started as I got there.,Oyun oraya varırken başladı.
as ... as,olarak ... AS,I run as fast as he does.,O kadar hızlı koşuyorum.
ask,sormak,She asked me my age.,Bana yaşımı sordu.
at,-den,He is at school.,O okulda.
attention,dikkat,He listened to the teacher with attention.,Dikkatle öğretmeni dinledi.
august,Ağustos,August is the eight month of the year.,Ağustos yılın sekiz ayıdır.
aunt,hala,My mother's sister is my aunt.,Annemin kız kardeşi benim teyzem.
automobile,otomobil,There are too many automobiles in this city.,Bu şehirde çok fazla otomobil var.
autumn,sonbahar,Autumn is the season after summer.,Sonbahar yazdan sonraki mevsimdir.
awake,uyanmak,Are all the children awake?,Tüm çocuklar uyanık mı?
away,uzak,My house is 6 kilometres away.,Evim 6 kilometre uzaklıktadır.
baby,Bebek,The baby is crying.,Bebek ağlıyor.
back,geri,His back is aching.,Sırtı ağrıyor.
bad,kötü,Smoking is a bad habit.,Sigara içmek kötü bir alışkanlıktır.
bag,çanta,They have stolen her bag.,Çantasını çaldılar.
baggage,bagaj,The passenger had a lot of baggage.,Yolcunun çok fazla bagajı vardı.
balcony,balkon,She hung the clothes on the balcony.,Kıyafetleri balkona astı.
ball,top,She threw the ball to her friend.,Topu arkadaşına attı.
balloon,balon,The man is selling balloons.,Adam balon satıyor.
banana,muz,Monkeys like bananas.,Maymunlar muzları sever.
bank,banka,I'll get some money from the bank.,Bankadan biraz para alacağım.
bar,çubuk,I just had a bar of chocolate.,Sadece bir bar çikolata vardı.
barber,berber,The barber cut his hair.,Berber saçlarını kesti.
basic,temel,You should know the basic rules of good driving.,İyi sürüşün temel kurallarını bilmelisiniz.
basket,sepet,She put the eggs in a basket.,Yumurtaları bir sepete koydu.
basketball,Basketbol,Sarah has been playing basketball since she was nine years old.,Sarah dokuz yaşından beri basketbol oynuyor.
bathroom,banyo,There is a shower in the bathroom.,Banyoda bir duş var.
be,olmak,She wants to be a movie star.,Bir film yıldızı olmak istiyor.
bear,ayı,There are bears in the forest.,Ormanda ayılar var.
beautiful,Güzel,Cappadocia is a very beautiful place.,Kapadokya çok güzel bir yer.
because,Çünkü,I took my umbrella because it was raining.,Şemsiyemi aldım çünkü yağmur yağıyordu.
become,haline gelmek,I want to become a computer programmer.,Bilgisayar programcısı olmak istiyorum.
bed,yatak,This bed is more comfortable than the other one.,Bu yatak diğerinden daha rahat.
bedroom,yatak odası,The bedroom had three beds.,Yatak odasında üç yatak vardı.
before,önce,He had his dinner before going out.,Dışarı çıkmadan önce akşam yemeğini geçirdi.
begin,başlamak,That programme always begins at 9 o'clock.,Bu program her zaman saat 9'da başlar.
beginning,başlangıç,The beginning of summer was not very hot.,Yazın başlangıcı çok sıcak değildi.
behind,arka,The chair is behind the table.,Sandalye masanın arkasında.
believe,inanmak,I don't believe him.,Ona inanmıyorum.
best,en iyi,Tom is the best student in the class.,Tom sınıftaki en iyi öğrencidir.
better,daha iyi,John's English is better than Tony's.,John'un İngilizcesi Tony'den daha iyidir.
between,arasında,There is a cinema between the post office and the police station.,Postane ile polis karakolu arasında bir sinema var.
big,büyük,I want a big ice cream.,Büyük bir dondurma istiyorum.
bill,fatura,Can I have the bill please?,Faturayı alabilir miyim lütfen?
bird,kuş,I like birds very much.,Kuşları çok seviyorum.
birthday,doğum günü,When is your birthday?,Doğum günün ne zaman?
biscuit,bisküvi,Can I have some biscuits?,Biraz bisküvi alabilir miyim?
bite,ısırmak,Does your dog bite?,Köpeğiniz ısırır mı?
black,siyah,Her eyes are black.,Gözleri siyah.
blackboard,kara tahta,The teacher wrote the sentences on the blackboard.,Öğretmen cümleleri tahtaya yazdı.
blanket,battaniye,Have you got another blanket?,Başka bir battaniyeniz var mı?
blood,kan,The butcher had blood on his hands.,Kasapın elinde kan vardı.
blue,mavi,Oceans are blue.,Okyanuslar mavidir.
boat,bot,The boat went to Sydney.,Tekne Sydney'e gitti.
body,vücut,He has a strong body.,Güçlü bir vücudu var.
book,kitap,She read the book in two weeks.,Kitabı iki hafta içinde okudu.
bookshop,kitapçı,This bookshop has thousands of books.,Bu kitapçının binlerce kitabı var.
born,doğmak,Albert Einstein was born in 1879.,Albert Einstein 1879'da doğdu.
both,ikisi birden,Both of my sisters are tall.,Her iki kız kardeşim de uzun.
bottle,şişe,The bottle of water is on the table.,Şişe su masanın üzerinde.
box,kutu,I can't lift those heavy boxes.,O ağır kutuları kaldıramıyorum.
boy,erkek çocuk,There are 16 boys and 12 girls in our classroom.,Sınıfımızda 16 erkek ve 12 kız var.
branch,dal,Those trees have very long branches.,Bu ağaçların çok uzun dalları var.
bread,ekmek,Can i have some bread?,Biraz ekmek alabilir miyim?
break,kırmak,Did you break this window?,Bu pencereyi kırdın mı?
break down,bozulma,Our car often breaks down in winter.,Arabamız genellikle kışın bozulur.
breakfast,kahvaltı,I haven't had breakfast yet.,Henüz kahvaltı yapmadım.
bring,getirmek,Bring the paper here.,Makaleyi buraya getirin.
brother,Erkek kardeş,She has two brothers and a sister.,İki erkek kardeşi ve kız kardeşi var.
brown,kahverengi,My girlfriend has beautiful brown eyes.,Kız arkadaşımın güzel kahverengi gözleri var.
brush,fırçalamak,Have you got a brush?,Bir fırçan var mı?
bucket,Kova,Where is the bucket?,Kova nerede?
build,inşa etmek,They are building a new bridge.,Yeni bir köprü inşa ediyorlar.
building,bina,The new building is very high.,Yeni bina çok yüksek.
bus,otobüs,I usually travel by bus.,Genellikle otobüsle seyahat ederim.
business,işletme,Newyork is a business center.,NewYork bir iş merkezidir.
businessman,işadamı,My uncle is a rich businessman.,Amcam zengin bir işadamı.
busy,Meşgul,I'm very busy at the moment.,Şu anda çok meşgulüm.
but,Ancak,"He won, but he was not happy.","Kazandı, ama mutlu değildi."
butcher's,kasap,He worked at a butcher's for six years.,Altı yıl boyunca bir kasapta çalıştı.
butter,tereyağı,Can i have some butter?,Biraz tereyağı alabilir miyim?
buy,satın almak,I always buy bread at the bakery.,Her zaman fırında ekmek alırım.
by,ile,There is a house by the river.,Nehir kenarında bir ev var.
bye,Hoşçakal,I have to go now. Bye!,Şimdi gitmek zorundayım. Hoşçakal!
cafe,kafe,She went to the cafe for lunch.,Öğle yemeği için kafeye gitti.
cafeteria,kafeterya,They make delicious sandwiches in that cafeteria.,O kafeteryada lezzetli sandviçler yapıyorlar.
cake,kek,She made a chocolate cake for his birthday.,Doğum günü için çikolatalı kek yaptı.
calendar,takvim,Calendars show all the days of the year.,Takvimler yılın tüm günlerini gösterir.
call,Arama,They called the baby John.,Bebek John'u aradılar.
camera,kamera,He took a photo with his camera.,Kamerasıyla fotoğraf çekti.
can,olabilmek,I can swim but I can't dive.,Yüzebilirim ama dalamam.
capital,başkent,Madrid is the capital of Spain.,Madrid ispanyanın başkentidir.
car,araba,His car was broken.,Arabası kırıldı.
card,kart,He forgot to take his identity card with him.,Kimlik kartını yanına almayı unuttu.
careful,dikkatli olmak,Be careful when you cross the street.,Caddeyi geçerken dikkatli olun.
carpet,halı,This carpet is very old.,Bu halı çok eski.
carrot,havuç,Rabbits love carrots.,Tavşanlar havuçları sever.
carry,taşımak,Can i carry your bag for you?,Çantanızı senin için taşıyabilir miyim?
cashier,kasiyer,The cashiers in this supermarket are very friendly.,Bu süpermarkette kasiyerler çok arkadaş canlısı.
cat,kedi,Cats have sharp claws.,Kedilerin keskin pençeleri vardır.
catch,yakalamak,The police couldn't catch the robbers.,Polis soyguncuları yakalayamadı.
ceiling,tavan,The ceiling of the house was very low.,Evin tavanı çok düşüktü.
center,merkez,His shop is in the center of the city.,Dükkanı şehrin merkezinde.
central,merkezi,There is no central heating in the room.,Odada merkezi bir ısıtma yoktur.
certain,kesin,Are you certain the train leaves at 9 o'clock?,Tren saat 9'da ayrıldığından emin misiniz?
certainly,kesinlikle,Will you come with me? Certainly.,Benimle gelecek misin? Kesinlikle.
chair,sandalye,He sat on the chair.,Sandalyeye oturdu.
chalk,tebeşir,"Can you bring me some chalk, please?",Bana biraz tebeşir getirebilir misin lütfen?
chance,şans,He has the chance to go to America.,Amerika'ya gitme şansı var.
change,değiştirmek,You have changed a lot.,Çok değişmişsin.
character,karakter,He has a very good character.,Çok iyi bir karakteri var.
cheap,ucuz,This shirt is cheaper than that one.,Bu gömlek bundan daha ucuz.
check,kontrol etmek,He checked his writing for mistakes.,Yazılarını hatalar için kontrol etti.
cheek,yanak,Her cheeks were red.,Yanakları kırmızıydı.
cheerful,neşeli,Mr and Mrs Jones are a cheerful couple.,Bay ve Bayan Jones neşeli bir çift.
cheese,peynir,Have you any cheese?,Peyniriniz var mı?
chemist's,Kimyagerin,She went to the chemist's to get some vitamins.,Biraz vitamin almak için kimyagerlere gitti.
chess,satranç,I want to learn how to play chess.,Satranç çalmayı öğrenmek istiyorum.
chicken,tavuk,My mother is cooking chicken.,Annem tavuk pişiriyor.
child,çocuk,The little child was looking for his mother.,Küçük çocuk annesini arıyordu.
chips,fişek,They ate chips with tomato sauce.,Domates sosu ile cips yiyorlar.
chocolate,çikolata,I want some chocolate.,Biraz çikolata istiyorum.
choose,seçmek,She chose the red dress.,Kırmızı elbiseyi seçti.
church,kilise,Is there a church near here?,Burada bir kilise var mı?
cigarette,sigara,Cigarettes are bad for your health.,Sigaralar sağlığınız için kötüdür.
cinema,sinema,I like going to the cinema.,Sinemaya gitmeyi severim.
city,şehir,Paris is a very interesting city.,Paris çok ilginç bir şehir.
class,sınıf,There are 20 students in the class.,Sınıfta 20 öğrenci var.
classroom,sınıf,How many students are there in the classroom?,Sınıfta kaç öğrenci var?
clean,temiz,These glasses are clean.,Bu gözlükler temiz.
clear,temizlemek,"It was a beautiful, clear day.","Güzel, net bir gündü."
clearly,Açıkça,She can see clearly with her new glasses.,Yeni gözlükleriyle açıkça görebilir.
close,kapalı,She stood close to the window.,Pencereye yakın durdu.
closed,kapalı,All the banks are closed today.,Tüm bankalar bugün kapalı.
cloud,bulut,There are big clouds in the sky.,Gökyüzünde büyük bulutlar var.
cloudy,bulutlu,I don't like cloudy weather.,Bulutlu havayı sevmiyorum.
coffee,Kahve,Turkish coffee is very famous.,Türk kahvesi çok ünlüdür.
coke,kola,There is a lot of sugar in coke.,Kola'da çok fazla şeker var.
cola,Kola,Would you like Coca Cola or Pepsi Cola?,Coca Cola veya Pepsi Cola'yı ister misiniz?
cold,soğuk,The water is rather cold.,Su oldukça soğuk.
collect,TOPLAMAK,He likes collecting stamps.,Pul toplamayı sever.
college,kolej,He went to college when he was 20.,20 yaşındayken üniversiteye gitti.
colour,renk,What is your favourite colour?,En sevdiğin renk nedir?
comb,tarak,I have a comb in my bag.,Çantamda bir tarak var.
come,Gelmek,He doesn't want to come with me.,Benimle gelmek istemiyor.
company,şirket,My father works in a company.,Babam bir şirkette çalışıyor.
competition,yarışma,My brother won the competition.,Kardeşim yarışmayı kazandı.
completely,tamamen,He has forgotten about it completely.,Tamamen unuttu.
computer,bilgisayar,The bank bought a new computer.,Banka yeni bir bilgisayar satın aldı.
condition,durum,The car was in very bad condition.,Araba çok kötü durumdaydı.
continue,devam etmek,Continue with your work!,İşinize devam edin!
control,kontrol,We couldn't control the wild horse.,Vahşi atı kontrol edemedik.
conversation,konuşma,The two men were having a serious conversation.,İki adam ciddi bir konuşma yapıyordu.
copy,kopya,Please copy this letter.,Lütfen bu mektubu kopyalayın.
corner,köşe,She's waiting for her friend on the corner.,Arkadaşını köşede bekliyor.
cornflakes,Mısır gevreği,Many Americans eat cornflakes for breakfast.,Birçok Amerikalı kahvaltıda mısır gevreği yiyor.
correct,doğru,Your answer is correct.,Cevabınız doğru.
cost,maliyet,How much did the television cost?,Televizyonun maliyeti nedir?
cotton,pamuk,They grow cotton in these fields.,Bu alanlarda pamuk yetiştiriyorlar.
cough,öksürük,He has been coughing for a long time.,Uzun zamandır öksürüyor.
could,abilir,He could play football when he was young.,Gençken futbol oynayabilirdi.
could you,yapabildin mi,"Could you pass me the salt, please?",Tuzu uzatır mısınız lütfen?
count,saymak,She can count to 100 in English.,İngilizce 100'e kadar sayabilir.
country,ülke,England is a beautiful country.,İngiltere güzel bir ülke.
cover,kapak,She covered the bed with a blanket.,Yatağı bir battaniye ile kapladı.
cow,inek,We have seventy cows on the farm.,Çiftlikte yetmiş inek var.
cream,krem,Do you want cream on your dessert?,Tatlınızda krema ister misin?
cucumber,salatalık,She cut two cucumbers for salad.,Salata için iki salatalık kesti.
cup,bardak,"Give me a cup of coffee, please.",Bana bir fincan kahve verin lütfen.
customer,müşteri,He is one of our customers.,Müşterilerimizden biri.
cut,kesmek,The bread was cut in half.,Ekmek yarıya indirildi.
dad,baba,I love my mum and dad.,Annemi ve babamı seviyorum.
daily,günlük,Do you read the daily newspapers?,Günlük gazeteleri okuyor musunuz?
dark,karanlık,It was a dark night.,Karanlık bir geceydi.
data,veri,These are very important data about our experiment.,Bunlar deneyimizle ilgili çok önemli verilerdir.
date,tarih,What is the date today?,Bugünün tarihi nedir?
daughter,kız çocuğu,She has two daughters and one son.,İki kızı ve bir oğlu var.
day,gün,I have been here for two days.,İki gündür buradayım.
dead,ölü,They buried the dead man.,Ölü adamı gömdüler.
dear,Sayın,"Dear Joe,","Sevgili Joe,"
death,ölüm,His death was sudden.,Ölümü aniden.
december,Aralık,My friends will visit us in december.,Arkadaşlarım Aralık ayında bizi ziyaret edecek.
decide,karar vermek,Have you decided where to go?,Nereye gideceğine karar verdin mi?
deep,derin,The water is very deep here.,Su çok derin.
dentist,dişçi,The dentist pulled out three teeth.,Diş hekimi üç dişi çıkardı.
dialogue,diyalog,The dialogue in the film was bad.,Filmdeki diyalog kötüydü.
dictionary,sözlük,This dictionary is yours.,Bu sözlük sizindir.
difference,fark,Can you see the difference between those two pictures?,Bu iki resim arasındaki farkı görebiliyor musunuz?
different,farklı,He is different from his brother.,Kardeşinden farklı.
difficult,zor,He asked us difficult questions.,Bize zor sorular sordu.
dinner,akşam yemeği,What did you have for dinner?,Akşam yemeğinde ne yedin?
direction,yön,We lost our direction.,Yönümüzü kaybettik.
director,müdür,Can I talk to your director?,Yönetmeninizle konuşabilir miyim?
dirty,kirli,The beggar's clothes were very dirty.,Dilencinin kıyafetleri çok kirliydi.
disease,hastalık,Dirty water causes disease.,Kirli su hastalığa neden olur.
divided,bölünmüş,"Divide 8 into 4, the answer is 2.","8'i 4'e bölün, cevap 2'dir."
do,Yapmak,What are you doing?,Ne yapıyorsun?
doctor,doktor,The doctor gave me some pills.,Doktor bana biraz hap verdi.
dog,köpek,My neighbour's dog barked all night.,Komşumun köpeği bütün gece havladı.
dollar,dolar,I paid 8 dollars for this shirt.,Bu gömlek için 8 dolar ödedim.
donkey,eşek,The donkey was very stubborn.,Eşek çok inatçıydı.
door,kapı,Lock the door!,Kapıyı kilitlemek!
double,çift,I need a double room.,Çift odaya ihtiyacım var.
down,aşağı,He walked down the stairs.,Merdivenlerden aşağı doğru yürüdü.
draw,çizmek,Draw a cat.,Bir kedi çiz.
drink,içmek,What do you want to drink?,Ne içmek istersin?
drive,sürmek,In England people drive on the left.,İngiltere'de insanlar solda sürüyor.
driver,sürücü,The driver didn't know what was happening.,Sürücü ne olduğunu bilmiyordu.
during,sırasında,He broke his leg during the match.,Maç sırasında bacağını kırdı.
duty,görev,It's your duty to clean the blackboard.,Karayolu temizlemek sizin görevinizdir.
each,her biri,The teacher gave each child an ice-cream.,Öğretmen her çocuğa bir dondurma verdi.
ear,kulak,Elephants have big ears.,Fillerin büyük kulakları var.
early,erken,I got up early this morning.,Bu sabah erken kalktım.
earring,küpe,He had silver earrings.,Gümüş küpeleri vardı.
easily,kolayca,He answered the questions easily.,Soruları kolayca cevapladı.
easy,kolay,Our teacher always asks easy questions.,Öğretmenimiz her zaman kolay sorular sorar.
eat,yemek yemek,What would you like to eat?,Ne yemek istersin?
education,eğitim,The poor man didn't have a good education.,Zavallı adam iyi bir eğitimi yoktu.
egg,Yumurta,He always has eggs for breakfast.,Her zaman kahvaltıda yumurtaları vardır.
else,başka,What else do you want?,Başka ne istiyorsun?
e-mail,e-posta,I got a strange e-mail yesterday.,Dün garip bir e-posta aldım.
employer,iş veren,We have a kind employer.,Nazik bir işverenimiz var.
empty,boş,The room was empty.,Oda boştu.
end,son,The end of the film was sad.,Filmin sonu üzgündü.
energy,enerji,This machine works with electrical energy.,Bu makine elektrik enerjisi ile çalışır.
engine,motor,The plane's engine was burning.,Uçağın motoru yanıyordu.
english,İngilizce,He's English.,O İngilizce.
enjoy,Eğlence,Did you enjoy the film?,Filmden hoşlandın mı?
enough,yeterli,I haven't got enough money to buy a car.,Araba almak için yeterli param yok.
enter,girmek,He entered the room without knocking on the door.,Kapıyı çalmadan odaya girdi.
equal,eşit,Cut the apple into 4 equal pieces.,Elmayı 4 eşit parçaya kesin.
especially,özellikle,I made the cake especially for you.,Pastayı özellikle senin için yaptım.
evening,akşam,Are you going out this evening?,Bu akşam dışarı çıkıyor musun?
every,Her,I work every Saturday.,Her cumartesi çalışıyorum.
everybody,herkes,Everybody was very happy at the party.,Partide herkes çok mutluydu.
everyone,herkes,Everyone has gone to the party except me.,Ben dışında herkes partiye gitti.
everything,her şey,Is everything ready?,Her şey hazır mı?
everywhere,her yer,I looked everywhere but I couldn't find my glasses.,Her yere baktım ama gözlüklerimi bulamadım.
exam,sınav,You have to pass the exam to enter university.,Üniversiteye girmek için sınavı geçmelisiniz.
example,örnek,Can you give me an example?,Bana bir örnek verebilirmisin?
exercise,egzersiz yapmak,Do the exercises at home.,Egzersizleri evde yapın.
explain,açıklamak,Can you explain this to me?,Bunu bana açıklayabilir misin?
extra,ekstra,He did something extra to get the job.,İşi almak için ekstra bir şey yaptı.
eye,göz,She's got blue eyes.,Mavi gözleri var.
eyebrow,kaş,He raised his eyebrows.,Kaşlarını kaldırdı.
eyelash,kirpik,You've got beautiful eyelashes.,Güzel kirpikleriniz var.
eyelid,göz kapağı,She has black eyelids.,Siyah göz kapakları var.
face,yüz,Her face is very pretty.,Yüzü çok güzel.
fact,hakikat,We want to know the fact.,Gerçeği bilmek istiyoruz.
fall,düşmek,Be careful or you will fall.,Dikkatli olun yoksa düşeceksin.
family,aile,There are 5 people in my family.,Ailemde 5 kişi var.
far,uzak,How far is the village from here?,Köy buradan ne kadar uzakta?
father,baba,My father is 40 years old.,Babam 40 yaşında.
father-in-law,kayınpeder,My father-in-law is in textile business.,Kayınpederim tekstil işinde.
fault,arıza,I'm sorry. It's my fault.,Üzgünüm. Bu benim hatam.
february,Şubat,February is the shortest month of the year.,Şubat yılın en kısa ayıdır.
feed,beslemek,We have enough food to feed many people.,Birçok insanı beslemek için yeterli yemeğimiz var.
feel,hissetmek,I feel very happy today.,Bugün çok mutlu hissediyorum.
feeling,his,You hurt my feelings.,Duygularımı incittin.
feet,ayak,Wash your feet before you go to bed.,Yatmadan önce ayaklarınızı yıkayın.
ferry,feribot,Is there a ferry to the island?,Adaya bir feribot var mı?
few,bir kaç,Few people enjoyed the opera last night.,Dün gece operadan çok az insan keyif aldı.
a few,bir kaç,There were only a few people at the cinema.,Sinemada sadece birkaç kişi vardı.
field,alan,The farmer grew wheat in his fields.,Çiftçi tarlalarında buğday büyüdü.
fig,incir,There is a fig tree in our garden.,Bahçemizde bir incir ağacı var.
fight,kavga,The two boys were fighting.,İki çocuk savaşıyordu.
fought,kavga etti,The soldiers fought all day.,Askerler bütün gün savaştı.
fill,doldurmak,Fill the bucket with water.,Kovayı suyla doldurun.
film,film,What kind of films do you like?,Ne tür filmlerden hoşlanırsın?
final,son,We are waiting for the final decision.,Son kararı bekliyoruz.
find,bulmak,Where did you find your keys?,Anahtarlarınızı nerede buldunuz?
fine,iyi,It was a fine day.,Güzel bir gündü.
finger,parmak,He cut his finger.,Parmağını kesti.
finish,sona ermek,Did you finish your homework?,Ödevini bitirdin mi?
fire,ateş,The fire burnt many trees.,Yangın birçok ağaç yaktı.
firm,firma,I am used to sleeping on a firm mattress.,Sağlam bir yatakta uyumaya alışkınım.
first,Birinci,A is the first letter of the English alphabet.,"A, İngiliz alfabesinin ilk harfidir."
fish,balık,There are many fish in the sea.,Denizde birçok balık var.
flag,bayrak,Can you see our flag?,Bayrağımızı görebiliyor musun?
floor,zemin,There's blood on the floor.,Yerde kan var.
flower,çiçek,Put these flowers in a vase.,Bu çiçekleri bir vazoya koyun.
follow,takip etmek,Follow that car please!,O arabayı takip edin lütfen!
food,yiyecek,There is a lot of food in the kitchen.,Mutfakta çok fazla yiyecek var.
foot,ayak,The new footballer broke his left foot yesterday.,Yeni futbolcu dün sol ayağını kırdı.
football,Futbol,I'm not interested in football.,Futbolla ilgilenmiyorum.
for,için,This is for you.,Bu sizin için.
forget,unutmak,I often forget to take my keys.,Sık sık anahtarlarımı almayı unuturum.
fork,çatal,There are 8 forks on the table.,Masada 8 çatal var.
form,biçim,She baked a cake in the form of a house.,Bir ev şeklinde bir pasta pişirdi.
forward,ileri,The queue moved slowly forward.,Kuyruk yavaşça ilerledi.
free,özgür,We will be free after 5.,5'ten sonra özgür olacağız.
friday,cuma,Mary will come on friday.,Mary Cuma günü gelecek.
friend,arkadaş,I've got many friends at school.,Okulda birçok arkadaşım var.
from,itibaren,This letter is from my uncle.,Bu mektup amcamdan.
front,ön,There was a picture on the front cover of the book.,Kitabın ön kapağında bir resim vardı.
in front of,önünde,He is waiting in front of the post office.,Postanenin önünde bekliyor.
full,tam dolu,His glass was full.,Camı doluydu.
fun,eğlence,Let's have some fun!,Hadi biraz eğlenelim!
funny,eğlenceli,He is a very funny person.,O çok komik bir insan.
future,gelecek,What do you want to be in the future?,Gelecekte ne olmak istiyorsun?
game,oyun,What kind of games do you like?,Ne tür oyunları seversin?
garden,bahçe,There are many fruit trees in the garden.,Bahçede birçok meyve ağacı var.
garlic,sarımsak,Garlic has a very strong smell.,Sarımsak çok güçlü bir koku var.
gas,gaz,We use gas for heating.,Isıtma için gaz kullanıyoruz.
gasoline,benzin,Gasoline prices have gone up again.,Benzin fiyatları tekrar arttı.
general,genel,What's the general idea of the book?,Kitabın genel fikri nedir?
generally,genel olarak,"Generally, female workers are paid less here.","Genel olarak, kadın işçilere daha az ödenir."
get,elde etmek,I always get good marks in exams.,Sınavlarda her zaman iyi izler alıyorum.
giant,devasa,Look at that giant watermelon!,O dev karpuza bak!
gift,hediye,She gave me a beautiful gift.,Bana güzel bir hediye verdi.
girl,kız,There are 12 girls in our class.,Sınıfımızda 12 kız var.
give,vermek,My mother often gives me presents.,Annem sık sık bana hediyeler veriyor.
glass,bardak,There is a glass factory here.,Burada bir cam fabrikası var.
glasses,gözlük,I can't read anything without glasses.,Gözlüksiz hiçbir şey okuyamıyorum.
glove,eldiven,I have purple gloves.,Mor eldivenlerim var.
go,Gitmek,I want to go to London.,Londra'ya gitmek istiyorum.
goal,amaç,The new footballer kicked two goals.,Yeni futbolcu iki gol attı.
goalkeeper,kaleci,The goalkeeper stopped the ball.,Kaleci topu durdurdu.
good,iyi,His English is very good.,İngilizcesi çok iyi.
goodbye,Güle güle,I must go. Goodbye!,Gitmeliyim. Güle güle!
government,devlet,The government made a new law.,Hükümet yeni bir yasa yaptı.
grape,üzüm,They make wine from grapes.,Üzümden şarap yapıyorlar.
grapefruit,greyfurt,She made a drink from the grapefruit.,Greyfurttan bir içki yaptı.
great,Harika,Albert Einstein was a great man.,Albert Einstein harika bir adamdı.
green,yeşil,Leaves are green in spring.,Yapraklar ilkbaharda yeşildir.
greengrocer,manav,"The greengrocer sold me tomatoes, cucumbers and onions.","Greengrocer bana domates, salatalık ve soğan sattı."
greeting,selamlama,Greetings from France!,Fransa'dan selamlar!
group,grup,There was a large group of people near the door.,Kapının yakınında büyük bir grup insan vardı.
grow,büyümek,My son is growing very quickly.,Oğlum çok çabuk büyüyor.
hair,saç,He has long hair.,Onun uzun saçları var.
hairdresser,kuaför,I went to the hairdresser to have my hair cut.,Saçımı kesmesi için kuaföre gittim.
half,yarım,Can I have half a kilo of meat please?,Yarım kilo et alabilir miyim lütfen?
hall,salon,The front door opened into a large hall.,Ön kapı büyük bir salona açıldı.
hallo,hallo,She said hallo to everyone in the room.,Odadaki herkese Hallo dedi.
hamburger,Hamburger,I don't eat hamburgers.,Ben hamburger yemiyorum.
hand,el,He writes with his left hand.,Sol eliyle yazıyor.
handkerchief,mendil,She dropped her handkerchief.,Mendilini düşürdü.
handsome,Yakışıklı,My father is very handsome.,Babam çok yakışıklı.
happiness,mutluluk,We wished the bride and groom happiness.,Gelin ve damat mutluluğunu diledik.
happy,mutlu,He was very happy when he won the lottery.,Piyangoyu kazandığında çok mutluydu.
hard,zor,The ground was very hard.,Zemin çok zordu.
hat,şapka,He is looking for his green hat.,Yeşil şapkasını arıyor.
has,sahip olmak,She has a house and a car.,Bir evi ve arabası var.
have,sahip olmak,Where did you have dinner?,Nereden akşam yemeği yedin?
have got,sahip olmak,I've got a lovely cat.,Güzel bir kedim var.
hazelnut,fındık,She loves hazelnuts.,Fındıkları seviyor.
he,O,He is a teacher.,O bir öğretmen.
head,KAFA,I banged my head on the wall.,Başımı duvara vurdum.
hear,duymak,I can't hear you. Speak louder!,Seni duyamıyorum Yüksek sesle konuş!
heart,kalp,His heart stopped and he died.,Kalbi durdu ve öldü.
heavy,ağır,This suitcase is very heavy.,Bu bavul çok ağır.
hello,Merhaba,Hello! how are you?,Merhaba! Nasılsın?
help,yardım,I need your help.,Yardımınıza ihtiyaçım var.
hen,tavuk,They have a lot of hens on the farm.,Çiftlikte çok fazla tavuk var.
her,o,He spoke to the girl and asked her some questions.,Kızla konuştu ve ona bazı sorular sordu.
here,Burada,What are you doing here?,Burada ne yapıyorsun?
herself,kendini,She sewed the dress herself.,Elbiseyi kendini dikti.
hi,MERHABA,Hi! How are you?,MERHABA! Nasılsın?
high,yüksek,The mountains in Tibet are very high.,Tibet'teki dağlar çok yüksek.
him,o,I rang my brother and told him to see me.,Kardeşimi çaldım ve ona beni görmesini söyledim.
himself,kendisi,He built the boat himself.,Tekneyi kendisi inşa etti.
hire,kiralamak,I want to hire a car.,Bir araba kiralamak istiyorum.
his,onun,What's his name?,Onun adı ne?
hit,vurmak,John hit his brother.,John kardeşine vurdu.
hold,tutmak,I want to hold your hand.,Elini tutmak istiyorum.
hole,delik,There was a large hole in the jacket.,Cekette büyük bir delik vardı.
home,Ev,I usually stay home at night.,Genellikle geceleri evde kalırım.
homework,Ev ödevi,Our teacher didn't give us any homework yesterday.,Öğretmenimiz dün bize herhangi bir ödev vermedi.
honest,dürüst,Please give me an honest answer.,Lütfen bana dürüst bir cevap verin.
hope,umut,There's not much hope.,Çok fazla umut yok.
hopeful,umutlu,Are you hopeful about the future?,Gelecek hakkında umutlu mısınız?
horse,atış,Horses run fast.,Atlar hızlı koşar.
hospital,hastane,He has been in hospital for two months.,İki aydır hastanede.
hot,sıcak,This tea isn't hot enough.,Bu çay yeterince sıcak değil.
hotel,otel,The hotel was full of tourists.,Otel turistler doluydu.
hour,saat,There are 24 hours in a day.,Günde 24 saat var.
house,ev,He wants to sell his house.,Evini satmak istiyor.
how,Nasıl,How are you?,Nasılsın?
how many,kaç tane,How many oranges do you want?,Kaç portakal istiyorsun?
how much,Ne kadar,How much sugar did you buy?,Ne kadar şeker satın aldın?
hungry,aç,Are you hungry?,Aç mısın?
husband,koca,My husband speaks three languages.,Kocam üç dil konuşuyor.
hut,kulübe,The soldiers slept in the hut.,Askerler kulübede uyudu.
I,BEN,I didn't do it.,Ben yapmadım.
idea,fikir,That's a very good idea!,Bu çok iyi bir fikir!
if,eğer,If it rains I won't go to the football match.,Yağmur yağarsa futbol maçına gitmeyeceğim.
important,önemli,Happiness is more important than money.,Mutluluk paradan daha önemlidir.
in,içinde,He put the plate in the cupboard.,Plakayı dolaba koydu.
income,gelir,He has a low income.,Düşük geliri var.
information,bilgi,She found the information in the encyclopedia.,Bilgileri ansiklopedide buldu.
ink,mürekkep,He put some ink in his pen.,Kalemine biraz mürekkep koydu.
interesting,ilginç,He is a very interesting man.,O çok ilginç bir adam.
international,uluslararası,He works for an international company.,Uluslararası bir şirkette çalışıyor.
internet,internet,The Internet is changing our life.,İnternet hayatımızı değiştiriyor.
into,içine,He ran into the fire.,Ateşe koştu.
irregular,düzensiz,Go is an irregular verb.,"Go, düzensiz bir fiildir."
it,BT,It was an interesting film.,İlginç bir filmdi.
its,onun,This city has lost its beauty.,Bu şehir güzelliğini kaybetti.
itself,kendisi,The dog bit itself.,Köpek ısırdı.
jacket,ceket,John has a pink jacket.,John'un pembe bir ceketi var.
jam,reçel,His mother made cherry jam.,Annesi kiraz reçeli yaptı.
january,Ocak,It is very cold in January.,Ocak ayında çok soğuk.
jaw,çene,She broke his jaw.,Çenesini kırdı.
job,iş,I'm looking for a job.,İş arıyorum.
join,katılmak,Will you join us?,Bize katılacak mısın?
joy,neşe,He jumped with joy when he heard the news.,Haberleri duyduğunda sevinçle atladı.
juice,Meyve suyu,Would you like some orange juice?,Biraz portakal suyu ister misin?
july,temmuz,The weather is very hot in July.,Temmuz ayında hava çok sıcak.
june,haziran,In June they come to London.,Haziran ayında Londra'ya geliyorlar.
just,Sadece,He has just come.,Az önce geldi.
keep,kale,Please keep your dog from coming into my garden.,Lütfen köpeğinizin bahçeme gelmesini önleyin.
kettle,su ısıtıcısı,She put the kettle on the stove.,Su ısıtıcısını sobaya koydu.
key,anahtar,I'm afraid I've lost your keys.,Korkarım anahtarlarını kaybettim.
kill,öldürmek,Who killed the President?,Başkanı kim öldürdü?
kilo,kilo,How much is a kilo of tomatoes?,Bir kilo domates ne kadar?
kilogram,kilogram,There are 1000 grammes in a kilogram.,Bir kilogramda 1000 gram var.
kilometre,kilometre,The village is 15 kilometres from here.,Köy buradan 15 kilometre uzaklıktadır.
kind,tür,She is a very kind woman.,O çok nazik bir kadın.
king,kral,King Henry VIII had 6 wives.,Kral VIII. Henry'nin 6 karısı vardı.
kiss,öpücük,He kissed his daughter.,Kızını öptü.
kitchen,mutfak,The refrigerator is in the kitchen.,Buzdolabı mutfakta.
kite,uçurtma,The kite was flying very high.,Uçurtma çok yüksek uçuyordu.
know,Bilmek,Do you know her address?,Adresini biliyor musun?
land,kara,This is our land.,Burası bizim topraklarımız.
language,dil,She can speak four languages.,Dört dil konuşabilir.
large,büyük,This shirt is too large.,Bu gömlek çok büyük.
last,son,I couldn't answer the last question.,Son soruyu cevaplayamadım.
late,geç,The bus arrived late.,Otobüs geç geldi.
later,Daha sonra,See you later!,Sonra görüşürüz!
law,kanun,Stealing is against the law.,Çalmak yasalara aykırıdır.
lazy,tembel,You're the laziest man I've ever known.,Sen şimdiye kadar tanıdığım en tembel adamsın.
learn,öğrenmek,I want to learn English.,Ben İngilizce öğrenmek istiyorum.
left,sol,You must turn left here.,Buraya sola dönmelisin.
leg,bacak,How many legs does that insect have?,Bu böcek kaç bacak var?
lemon,limon,Lemon has a sour taste.,Limonun ekşi bir tadı vardır.
less,az,He earns less than I do.,Benden daha az kazanıyor.
lesson,ders,What time did your history lesson start?,Tarih dersiniz ne zaman başladı?
let,izin vermek,He won't let me go.,Gitmeme izin vermeyecek.
let's,Haydi,Let's go swimming.,Hadi yüzmeye gidelim.
letter,mektup,J is the tenth letter of the English alphabet.,"J, İngiliz alfabesinin onuncu mektubudur."
library,kütüphane,I borrowed some books from the library.,Kütüphaneden bazı kitaplar ödünç aldım.
lid,kapak,I can't find the lid of the teapot.,Çaydanlık kapağını bulamıyorum.
life,hayat,Is there life on Mars?,Mars'ta hayat var mı?
light,ışık,"Turn on the lights, please.",Işıkları aç lütfen.
like,beğenmek,Do you like him?,Ondan hoşlanıyor musun?
line,astar,He drew a straight line on the page.,Sayfaya düz bir çizgi çizdi.
list,liste,She made a list of things to buy.,Satın alacak şeylerin bir listesini yaptı.
listen,Dinlemek,"Listen to me, please?",Lütfen beni dinle?
litre,litre,I want a litre of milk.,Bir litre süt istiyorum.
little,biraz,The little girl lost her ball.,Küçük kız topunu kaybetti.
a little,biraz,There is a little milk in the fridge.,Buzdolabında biraz süt var.
live,canlı,Fish live in water.,Balıklar suda yaşar.
loaf,somun,Mum bought two loaves of bread.,Annem iki somun ekmek aldı.
local,yerel,The story was published in the local newspaper.,Hikaye yerel gazetede yayınlandı.
lock,kilit,We had to change the lock.,Kilidi değiştirmek zorunda kaldık.
long,uzun,The Nile is the longest river in the world.,"Nil, dünyanın en uzun nehridir."
look,Bakmak,Look at the birds!,Kuşlara bak!
lose,kaybetmek,I often lose my keys.,Sık sık anahtarlarımı kaybederim.
loss,kayıp,His death was a great loss.,Ölümü büyük bir kayıptı.
lot,pay,There are a lot of tourists in the museum.,Müzede birçok turist var.
love,Aşk,She gave him all her love.,Ona tüm sevgisini verdi.
low,Düşük,The water level in the river is low.,Nehirdeki su seviyesi düşüktür.
luck,şans,Wish me luck.,Bana şans Dile.
luggage,bagaj,The man put his luggage on the bus.,Adam bagajını otobüse koydu.
lunch,öğle yemeği,I usually have lunch at 1 pm.,Genellikle saat 13: 00'de öğle yemeği yiyorum.
lung,akciğer,Smoking is very harmful to your lungs.,Sigara içmek akciğerleriniz için çok zararlıdır.
machine,makine,She bought a sewing machine.,Bir dikiş makinesi aldı.
mad,kızgın,You must be mad!,Deli olmalısın!
madam,bayan,"Can I help you, madam?","Yardımcı olabilir miyim, bayan?"
main,ana,This is the main road.,Bu ana yol.
make,yapmak,My mother makes beautiful cakes.,Annem güzel kekler yapıyor.
man,Adam,The man gave his seat to the woman.,Adam kadına oturdu.
manager,müdür,He is the manager of the factory.,Fabrikanın yöneticisidir.
many,birçok,I've got many things to do.,Yapacak çok şeyim var.
march,mart,March is the third month of the year.,Mart yılın üçüncü ayıdır.
market,pazar,I buy all my vegetables at the market.,Tüm sebzelerimi piyasada alıyorum.
marry,evlenmek,Will you marry me?,Benimle evlenir misin?
material,malzeme,We need new materials.,Yeni malzemelere ihtiyacımız var.
maximum,maksimum,What's the maximum temperature recorded in Spain?,İspanya'da kaydedilen maksimum sıcaklık nedir?
may,mayıs,May I sit here?,Buraya oturabilir miyim?
maybe,Belki,Maybe you are right this time.,Belki bu sefer haklısın.
me,Ben,Give me the paper please.,Bana kağıdı verin lütfen.
meaning,Anlam,What's the meaning of that word?,Bu kelimenin anlamı nedir?
mechanic,tamirci,The mechanic is repairing the car.,Tamirci arabayı onarıyor.
meet,tanışmak,I meet many people every day.,Her gün birçok insanla tanışıyorum.
met,tanışmak,He met Fred at the bus stop.,Fred ile otobüs durağında tanıştı.
meeting,toplantı,The manager is in a meeting now.,Yönetici şimdi bir toplantıda.
melon,kavun,We ate the melon last night.,Dün gece kavunu yedik.
member,üye,Members of the club are going to meet this afternoon.,Kulüp üyeleri bu öğleden sonra toplanacak.
memory,hafıza,The information is in the computer's memory.,Bilgiler bilgisayarın belleğinde.
message,İleti,There's a message for you.,Size bir mesaj var.
method,yöntem,What method of teaching do you use?,Hangi öğretim yöntemini kullanıyorsunuz?
middle,orta,The middle finger is the longest.,Orta parmak en uzundur.
in the middle of,ortasında,Don't stand in the middle of the road!,Yolun ortasında durma!
mile,mil,A mile is 1609 meters.,Bir mil 1609 metredir.
military,askeri,They have a strong military force on this island.,Bu adada güçlü bir askeri gücü var.
milk,süt,Is there any milk in the fridge?,Buzdolabında süt var mı?
mind,akıl,Use your mind!,Aklını kullan!
mine,bana ait,That pullover is mine.,O kazak benim.
minimum,minimum,They want minimum two years experience.,En az iki yıllık deneyim istiyorlar.
minus,eksi,Eight minus three is five.,Sekiz eksi üç beş.
minute,dakika,Each lesson lasts 40 minutes.,Her ders 40 dakika sürer.
miss,kayıp,Miss Smith is a secretary.,Bayan Smith bir sekreter.
mising,yanlış,My dog is missing!,Köpeğim kayıp!
mistake,hata,We all make mistakes.,Hepimiz hata yaparız.
mixture,karışım,This is a nice mixture.,Bu güzel bir karışım.
modern,modern,Those buildings are very modern.,Bu binalar çok modern.
moment,an,I will be with you in a moment.,Bir anda seninle olacağım.
monday,Pazartesi,They go to school on Monday.,Pazartesi okula gidiyorlar.
money,para,I need money.,Paraya ihtiyacım var.
month,ay,September is the 9th month of the year.,Eylül yılın 9. ayıdır.
more,Daha,He is more careful than his brother.,Kardeşinden daha dikkatli.
morning,Sabah,I always get up early in the morning.,Her zaman sabah erken kalkarım.
mosque,cami,There are many mosques in Egypt.,Mısır'da birçok cami var.
most,en,You're the most beautiful girl I've ever seen.,Sen şimdiye kadar gördüğüm en güzel kızsın.
mother,anne,I have to visit my mother.,Annemi ziyaret etmeliyim.
mother-in-law,Kayınvalide,My mother-in-law is an interesting person.,Kayınvalidem ilginç bir insan.
mountain,dağ,Everest is the largest mountain in the world.,"Everest, dünyanın en büyük dağıdır."
mouse,fare,She fainted when she saw the mouse in her soup.,Çorbasında fareyi görünce bayıldı.
mouth,ağız,"Open your mouth please, said the dentist.","Diş hekimi, lütfen ağzını aç, dedi."
move,taşınmak,She was sitting without moving.,Hareket etmeden oturuyordu.
movie,film,This is one of the best movies I have ever seen.,Bu şimdiye kadar gördüğüm en iyi filmlerden biri.
mr,Bay,Mr. Smith is a very rich man.,Bay Smith çok zengin bir adam.
mrs,bayan,Mrs Robinson is a clever woman.,Bayan Robinson akıllı bir kadın.
much,fazla,They haven't much money but they are very happy.,Çok para yok ama çok mutlular.
mummy,mumya,Mummy! Can you help me?,Mumya! Bana yardım eder misiniz?
music,müzik,I like classical music.,Klasik müzik severim.
musician,müzisyen,My uncle is a good musician.,Amcam iyi bir müzisyen.
must,mutlak,"You must be home by 12 pm, said her father.","Babası, saat 12'ye kadar evde olmalısın."
my,Benim,This is my book.,Bu benim kitabım.
myself,kendim,I looked at myself in the mirror.,Aynada kendime baktım.
name,isim,I can't remember his name.,Onun adını hatırlayamıyorum.
national,ulusal,Spanish is the national language in Spain.,İspanyolca İspanya'daki ulusal dildir.
nature,doğa,Austria is full of the beauties of nature.,Avusturya doğanın güzellikleriyle doludur.
near,yakın,The bed is near the wardrobe.,Yatak gardırop yakındır.
necessary,gerekli,Food and water are necessary for life.,Yaşam için yiyecek ve su gereklidir.
need,ihtiyaç,I need a new coat.,Yeni bir kata ihtiyacım var.
never,Asla,She never sees her cousins because they live in Japan.,Japonya'da yaşadıkları için kuzenlerini asla görmez.
new,yeni,He has a new car.,Yeni bir arabası var.
news,haberler,The news of his death was in the paper.,Ölüm haberi gazetede idi.
newspaper,gazete,Newspapers don't always tell the truth.,Gazeteler her zaman gerçeği söylemez.
next,Sonraki,The next bus will be here in 10 minutes.,Bir sonraki otobüs 10 dakika içinde burada olacak.
nice,Güzel,You're a very nice girl.,Sen çok iyi bir kızsın.
night,gece,The nights are longer in winter.,Geceler kışın daha uzun.
no,HAYIR,No. You can't smoke here.,Hayır. Burada sigara içemezsin.
no one,hiç kimse,No one came when I knocked on the door.,Kapıyı çaldığımda kimse gelmedi.
nobody,hiç kimse,There was nobody in the room.,Odada kimse yoktu.
none,hiçbiri,None of us knows this place well.,Hiçbirimiz burayı iyi bilmiyoruz.
noon,öğlen,She left home at noon.,Öğlen evinden ayrıldı.
normal,normal,There is more snow than normal this winter.,Bu kış normalden daha fazla kar var.
normally,normalde,Normally the old lady is kind with us.,Normalde yaşlı bayan bizimle naziktir.
north,kuzey,Nord is in the north of France.,Nord Fransa'nın kuzeyinde.
not,Olumsuz,"It is a pen, not a pencil.","Bir kalem değil, kalem değil."
note,Not,Mrs Smith left you a note here.,Bayan Smith size burada bir not bıraktı.
notebook,not defteri,Can I borrow your notebook?,Defterinizi ödünç alabilir miyim?
nothing,Hiçbir şey,Nothing can stop me!,Beni hiçbir şey durduramaz!
noun,isim,Student is a noun.,Öğrenci bir isimdir.
november,kasım,There are thirty days in November.,Kasım ayında otuz gün var.
now,Şimdi,What are you doing now?,Şu anda ne yapıyorsun?
number,sayı,What is your telephone number?,Telefon numaran ne?
nurse,hemşire,Can's sister is a nurse.,Can'ın kız kardeşi bir hemşire.
nut,ceviz,They ate nuts with their beer.,Biralarıyla fındık yiyorlar.
ocean,okyanus,The Pacific Ocean is the largest in the world.,Pasifik Okyanusu dünyanın en büyüğüdür.
o'clock,saat,It is 5 o'clock.,Saat 5.
october,ekim,There will be a festival in October.,Ekim ayında bir festival olacak.
of,ile ilgili,The cover of the book is black.,Kitabın kapağı siyah.
of course,Elbette,May I sit here? Of course!,Buraya oturabilir miyim? Elbette!
off,kapalı,He got into his car and drove off.,Arabasına girdi ve yola çıktı.
office,ofis,Could you come to my office in the afternoon?,Öğleden sonra ofisime gelebilir misin?
officer,subay,He was an officer in the army.,Orduda bir subaydı.
often,sıklıkla,He often tells lies.,Sık sık yalan söyler.
OK,TAMAM,OK! I will come.,TAMAM! Geleceğim.
okay,Tamam,"Okay, you can have my watch.","Tamam, saatimi alabilirsin."
old,eskimiş,Pisa tower is very old.,Pisa Kulesi çok eski.
olive,zeytin,She ate all the olives.,Tüm zeytinleri yedi.
on,Açık,The vase is on the television.,Vazo televizyonda.
once,bir kere,There was once a small river running across the town.,Bir zamanlar kasabada koşan küçük bir nehir vardı.
one,bir,Only one of us may stay.,Sadece birimiz kalabilir.
only,sadece,I've got only one pair of shoes.,Sadece bir çift ayakkabım var.
open,açık,The shop is open.,Dükkan açık.
or,veya,I'll have a pear or an apple.,Bir armut ya da elma alacağım.
orange,turuncu,She peeled the oranges.,Portakalları soydu.
order,emir,He ordered four teas.,Dört çay emretti.
organize,düzenlemek,The teacher organized a picnic.,Öğretmen bir piknik düzenledi.
original,orijinal,The painting is an original by Van Gogh.,Resim Van Gogh'un orijinali.
other,diğer,Where is the other pencil?,Diğer kalem nerede?
our,bizim,Our car is very old.,Arabamız çok eski.
ours,bizim,This is his table. That is ours.,Bu onun masası. Bu bizim.
ourselves,kendimizi,We built our house ourselves.,Evimizi kendimiz inşa ettik.
out,dışarı,I want to go out.,Dışarı çıkmak istiyorum.
outside,dıştan,What's happening outside?,Dışarıda ne oluyor?
over,üzerinde,The horse jumped over the fence.,At çitin üzerinden atladı.
own,sahip olmak,This is my own house.,Bu benim kendi evim.
p.m.,öğleden sonra.,I said 5 p.m. not a.m.,5:00 dedim. A.M.
page,sayfa,Do the exercises on page 7.,Egzersizleri sayfa 7'de yapın.
painter,ressam,Most famous painters started painting when they were children.,Çoğu ünlü ressam çocukken resim yapmaya başladı.
paper,kağıt,He wrapped the cheese in paper.,Peyniri kağıda sardı.
parents,ebeveynler,My parents are living in Ankara.,Ailem Ankara'da yaşıyor.
park,park,Shall we go to the park?,Parka gidecek miyiz?
part,parça,The second part of the book is very dull.,Kitabın ikinci kısmı çok sıkıcı.
party,Parti,There were 20 people at John's birthday party.,John'un doğum günü partisinde 20 kişi vardı.
pass,geçmek,The car passed the bus. Pass me that book.,Araba otobüse geçti. Bana o kitabı geç.
path,yol,There is a path to the building.,Binaya bir yol var.
pay,ödemek,How much did you pay for the tickets?,Biletler için ne kadar ödedin?
pen,dolma kalem,Can you give me a pen?,Bana bir kalem verebilir misin?
pencil,kalem,Have you got another pencil?,Başka bir kalem var mı?
people,insanlar,How many people are there on the bus?,Otobüste kaç kişi var?
perhaps,belki,Perhaps he is at home.,Belki de evde.
person,kişi,I don't know that person.,O kişiyi tanımıyorum.
pharmacy,eczane,Is there a pharmacy near the hospital?,Hastaneye yakın bir eczane var mı?
phone,telefon,Is there a phone near here?,Burada bir telefon var mı?
phonecard,telefon kartı,Can I use your phonecard?,Telefon kartınızı kullanabilir miyim?
piano,piyano,Piano is an expensive instrument.,Piyano pahalı bir enstrümandır.
pick,seçmek,He picked some flowers for his mother.,Annesi için biraz çiçek seçti.
picnic,piknik,Last week we had a picnic in the country.,Geçen hafta ülkede piknik yaptık.
picture,resim,There were 10 pictures on the wall.,Duvarda 10 resim vardı.
piece,parça,Have a piece of cake.,Bir parça kek var.
pig,domuz,Pigs are dirty animals.,Domuzlar kirli hayvanlardır.
ping-pong,masa Tenisi,Let's play ping-pong!,Hadi ping-pong oynayalım!
place,yer,I need a place to stay.,Kalmak için bir yere ihtiyacım var.
plan,plan,Have you got a plan of the house?,Evin bir planı var mı?
play,oynamak,Do you play football?,Futbol oynar mısın?
player,oyuncu,They have two great players in their team.,Takımlarında iki harika oyuncu var.
please,Lütfen,Will you please open the window?,Lütfen pencereyi açar mısınız?
pleased,memnun,Are you pleased with your job?,İşinizden memnun musunuz?
plural,çoğul,Children is the plural of child.,Çocuklar çocuğun çoğuldur.
point,nokta,They won the game by 98 points to 96.,Oyunu 98 puan kazandılar.
police,polis,The police are looking for the bank robbers.,Polis banka soyguncularını arıyor.
policeman,polis,The policeman aimed his gun at the robber.,Polis silahını soyguncuya yönlendirdi.
policewoman,polis,The policewoman caught the burglar.,Polis kadın hırsızlığı yakaladı.
pool,havuz,I don't like swimming in the pool.,Havuzda yüzmeyi sevmiyorum.
poor,fakir,There are many poor people in India.,Hindistan'da birçok fakir insan var.
popcorn,patlamış mısır,My grandmather makes beautiful popcorn.,Büyükannem güzel patlamış mısır yapıyor.
pork,domuz eti,I don't eat pork.,Domuz eti yemiyorum.
possible,olası,Is it possible for you to come?,Gelmen mümkün mü?
possibly,muhtemelen,"If it stops raining, possibly your mom will let you go out and play.","Yağmur yağmayı bırakırsa, muhtemelen anneniz dışarı çıkıp oynamanıza izin verecektir."
post office,Postane,She went to the post office at 10.,10'da postaneye gitti.
postcard,kartpostal,She's sent two postcards since she went.,Gittiğinden beri iki kartpostal gönderdi.
pot,tencere,They sell old pots in this shop.,Bu dükkanda eski tencere satıyorlar.
potato,patates,How much is a kilo of potatoes?,Bir kilo patates ne kadar?
power,güç,They are buildings a nuclear power station.,Onlar bir nükleer santral binalarıdır.
practice,pratik,He has gone to football practice.,Futbol antrenmanına gitti.
prepare,hazırlanmak,He prepared breakfast for his wife.,Karısı için kahvaltı hazırladı.
preposition,edat,There are a lot of prepositions in English.,İngilizce'de çok sayıda edat var.
press,basmak,The little boy pressed the button hard.,Küçük çocuk düğmeye sert bastı.
price,fiyat,What is the price of this watch?,Bu saatin fiyatı nedir?
priest,rahip,The priest walked into the church.,Rahip kiliseye girdi.
private,özel,She went to a private school.,Özel bir okula gitti.
probably,muhtemelen,This team will probably win.,Bu takım muhtemelen kazanacak.
problem,sorun,What is your problem?,Senin problemin ne?
produce,üretmek,What do you produce in your factory?,Fabrikanızda ne üretiyorsunuz?
profit,kâr,He made 75% profit this year.,Bu yıl% 75 kâr elde etti.
programme,program,This language programme takes 6 months.,Bu dil programı 6 ay sürer.
project,proje,He is working hard on his project.,Projesi üzerinde çok çalışıyor.
pronounce,telaffuz,She pronounced every word correctly.,Her kelimeyi doğru telaffuz etti.
proud,gurur duymak,My parents are proud of me.,Ailem benimle gurur duyuyor.
public,halk,We are not allowed to smoke in public places.,Halka açık yerlerde sigara içmemize izin verilmiyor.
pull,çekmek,She pulled my hair.,Saçımı çekti.
pullover,kenara çekmek,Put on your pullover. It's cold.,Kropunu koyun. Hava soğuk.
puppy,köpek yavrusu,Let's feed the puppy.,Yavru köpeği besleyelim.
purpose,amaç,What is your purpose in doing this?,Bunu yapmanın amacınız nedir?
push,itmek,They pushed the table.,Masaya ittiler.
put,koymak,Put the flowers in a vase.,Çiçekleri bir vazoya koyun.
quality,kalite,These computers are very good quality.,Bu bilgisayarlar çok kaliteli.
quarter,çeyrek,It's a quarter past nine.,Dokuzu çeyrek geçiyor.
question,soru,I couldn't answer most of the questions.,Soruların çoğuna cevap veremedim.
quick,hızlı,Please be quick. I'm in a hurry.,Lütfen çabuk ol. Acelem var.
quickly,hızlıca,He talks very quickly. I can't understand.,Çok çabuk konuşuyor. Anlayamıyorum.
radio,radyo,Turn on the radio. I want to hear the news.,Radyoyu aç. Haberleri duymak istiyorum.
rain,yağmur,Take an umbrella. It's raining.,Bir şemsiye al. Yağmur yağıyor.
raincoat,yağmurluk,Take your raincoat. It might rain.,Yağmurluk'u al. Yağmur yağabilir.
rainy,yağmurlu,He goes fishing on rainy days.,Yağmurlu günlerde balık tutmaya gidiyor.
rather,yerine,He is rather old.,Oldukça yaşlı.
reach,ulaşmak,She is too short to reach the apple on the shelf.,Raftaki elmaya ulaşmak için çok kısa.
read,Okumak,Have you read this book?,Bu kitabı okudun mu?
reader,okuyucu,Readers like his stories.,Okuyucular hikayelerini sever.
ready,hazır,Are you ready?,Hazır mısın?
real,gerçek,Are those flowers real or plastic?,Bu çiçekler gerçek mi plastik mi?
really,Gerçekten,He was really ill yesterday.,Dün gerçekten hastaydı.
reason,sebep,What is your reason for leaving?,Ayrılma nedeniniz nedir?
reasonable,mantıklı,There should be a reasonable excuse.,Makul bir mazeret olmalı.
receive,almak,I recevied 2 letters yesterday.,Dün 2 harf aldım.
record,kayıt,I've got hundreds of records.,Yüzlerce kaydım var.
red,kırmızı,She is often in red.,Genellikle kırmızıdır.
referee,hakem,The referee stopped the match.,Hakem maçı durdurdu.
refuse,reddetmek,I refused his offer.,Teklifini reddettim.
remember,Unutma,Do you remember this place?,Burayı hatırlıyor musun?
remind,hatırlatmak,Would you please remind me when time is up?,Zaman dolduğunda bana hatırlatır mısın?
report,rapor,There has been no report on this event.,Bu olay hakkında bir rapor yoktu.
rest,dinlenmek,He's resting at the moment.,Şu anda dinleniyor.
result,sonuç,What was the result of the election?,Seçimin sonucu neydi?
rich,zengin,His relatives are very rich.,Akrabaları çok zengin.
right,Sağ,His answer was right.,Cevabı haklıydı.
rang,çırpmak,The bell rang at 2 o'clock.,Çan saat 2'de çaldı.
ring,yüzük,He rings his wife everyday.,Karısını her gün çalar.
risk,risk,It was a great risk for him to climb up the tree.,Ağaca tırmanması onun için büyük bir riskti.
road,yol,Where does this road go?,Bu yol nereye gider?
room,oda,Keep your room clean.,Odanızı temiz tutun.
ruler,cetvel,Can you lend me your ruler?,Bana hükümdarını ödünç verebilir misin?
run,koşmak,He had to run to catch the bus.,Otobüsü yakalamak için koşmak zorunda kaldı.
sad,üzgün,You look sad. What's wrong?,Üzgün ​​görünüyorsun. Sorun nedir?
salad,salata,"Can I have some salad, please?",Biraz salata alabilir miyim lütfen?
salary,maaş,What is your salary?,Maaşın nedir?
same,Aynı,His shirt is the same as mine.,Gömleği benimkiyle aynı.
saturday,Cumartesi,Schools are closed on Saturday.,Okullar Cumartesi günü kapalıdır.
say,söylemek,What did you say?,Ne dedin?
school,okul,Do you go to school?,Okula gidiyormusun?
science,bilim,He studied science at school.,Okulda bilim okudu.
sea,deniz,I like swimming in the sea.,Denizde yüzmeyi seviyorum.
season,mevsim,"Which season do you like best, summer or autumn?","En çok, yaz veya sonbaharı hangi sezonu seviyorsunuz?"
seat,koltuk,Can I sit on this seat?,Bu koltuğa oturabilir miyim?
second,ikinci,That is the second window you've broken!,Bu kırdığın ikinci pencere!
see,Görmek,Can you see the ship?,Gemiyi görebiliyor musun?
seem,gözükmek,She always seems sad.,Her zaman üzgün görünüyor.
sell,satmak,I sell shoes in the market.,Piyasada ayakkabı satıyorum.
send,Göndermek,Send these flowers to my mother.,Bu çiçekleri anneme gönder.
sentence,cümle,Read the first sentence.,İlk cümleyi okuyun.
september,eylül,Football matches start in September.,Futbol maçları Eylül ayında başlıyor.
serve,sert,The waiter served us very quickly.,Garson bize çok hızlı bir şekilde hizmet etti.
service,hizmet,The bank is famous for its good service.,Banka iyi hizmeti ile ünlüdür.
set,ayarlamak,Mother bought a new tea set.,Anne yeni bir çay seti aldı.
several,birçok,I've been there several times.,Birkaç kez oradaydım.
sex,seks,This game is good for all ages and both sexes.,Bu oyun her yaş ve her iki cinsiyet için de iyidir.
shall,acak,I shall miss him very much.,Onu çok özleyeceğim.
she,o,She is a nurse.,O bir hemşire.
shop,mağaza,The shop is closed.,Dükkan kapalı.
shopkeeper,dükkâncı,That shopkeeper is very rude to his customers.,Bu dükkan sahibi müşterileri için çok kaba.
short,kısa,I don't like short hair.,Kısa saçları sevmiyorum.
should,meli,You should go to the doctor.,Doktora gitmelisin.
show,göstermek,He showed me his photographs.,Bana fotoğraflarını gösterdi.
shut,kapamak,Please shut the door.,Lütfen kapıyı kapat.
sick,hasta,He didn't go to work because he was sick.,Hasta olduğu için işe gitmedi.
side,taraf,Whose side are you on?,Kimin tarafındasın?
simple,basit,The last question was very simple.,Son soru çok basitti.
since,o zamandan beri,I have been here since February.,Şubat ayından beri buradayım.
sing,şarkı söylemek,He signs very well.,Çok iyi imzalar.
singer,şarkıcı,She is a good singer.,O iyi bir şarkıcı.
single,Bekar,My single aim is to learn English.,Tek amacım İngilizce öğrenmek.
sister,kız kardeş,My sister's name is Pamela.,Kız kardeşimin adı Pamela.
sit,oturmak,Sit next to your friend.,Arkadaşının yanında otur.
size,boyut,What size shoes do you want?,Ne boyutta ayakkabılar istiyorsun?
ski,kayak,Don't forget to bring your skis.,Kayaklarınızı getirmeyi unutmayın.
sleep,uyumak,I sleep eight hours a night.,Bir gece sekiz saat uyuyorum.
small,küçük,Mice have very small eyes.,Farelerin çok küçük gözleri var.
so,Bu yüzden,Did she leave? I think so.,Ayrıldı mı? Bence de.
soccer,futbol,Why is soccer so popular?,Futbol neden bu kadar popüler?
society,toplum,He is a danger to society.,Toplum için bir tehlike.
sock,çorap,I can't find my socks!,Çoraplarımı bulamıyorum!
soft,yumuşak,This bed is very soft.,Bu yatak çok yumuşak.
some,bazı,I need some sugar.,Biraz şekere ihtiyacım var.
somebody,biri,Somebody has eaten my apple.,Birisi elma yemişti.
someone,birisi,There's someone at the door.,Kapıda birisi var.
something,bir şey,I want to tell you something.,Sana bir şey söylemek istiyorum.
sometimes,Bazen,Sometimes I watch TV.,Bazen televizyon izliyorum.
somewhere,bir yerde,Let's go somewhere else.,Başka bir yere gidelim.
son,oğul,How is your son?,Oğlun nasıl?
soon,yakında,I will finish this work soon.,Bu işi yakında bitireceğim.
sorry,Üzgünüm,Why is he sorry?,Neden üzgün?
sound,ses,Can you hear the sound of music?,Müziğin sesini duyabiliyor musun?
south,güney,Sevilla is in the south of Spain.,Sevilla İspanya'nın güneyinde.
speak,konuşmak,I want to speak to you.,Seninle konuşmak istiyorum.
special,özel,This is a special day for me.,Bu benim için özel bir gün.
speed,hız,What's the speed limit in the city?,Şehirdeki hız sınırı nedir?
spend,harcamak,Have you spent all your memory?,Tüm hafızanı harcadın mı?
spoon,kaşık,This spoon is dirty.,Bu kaşık kirli.
sport,spor,What sports do you like?,Hangi sporları seversin?
spring,bahar,Spring is the season before summer.,Bahar yazdan önceki mevsimdir.
stairs,merdiven,I met him on the stairs.,Onunla merdivenlerde tanıştım.
stamp,damga vurmak,She put a stamp on the letter.,Mektuba bir damga koydu.
stand,durmak,Don't stand in front of TV.,TV'nin önünde durmayın.
stand up,ayağa kalk,You don't have to stand up.,Ayağa kalkmana gerek yok.
station,istasyon,The train stopped at the station.,Tren istasyonda durdu.
stay,kalmak,We are staying in a hotel.,Bir otelde kalıyoruz.
still,Hala,He is still sleeping.,Hala uyuyor.
stop,durmak,Stop here please.,Burada durun lütfen.
street,sokak,The street is very narrow.,Sokak çok dar.
strong,güçlü,I'm strong than you.,Ben senden güçlüyüm.
student,öğrenci,The students worked very hard for the exam.,Öğrenciler sınav için çok çalıştılar.
success,başarı,The meeting was a great success.,Toplantı büyük bir başarıydı.
such,çok,I've never seen such a silly film!,Hiç bu kadar aptal bir film izlemedim!
suddenly,Birden,Suddenly it started to rain.,Aniden yağmur yağmaya başladı.
summer,yaz,Summer is the hottest season.,Yaz en sıcak sezon.
sun,güneş,The sun is very hot in summer.,Güneş yaz aylarında çok sıcak.
sunday,Pazar,Do they work on Sunday?,Pazar günü çalışıyorlar mı?
sunflower,ayçiçeği,Sunflowers follow the sun.,Ayçiçeği güneşi takip eder.
sunglasses,Güneş gözlüğü,I left my sunglasses in the car.,Güneş gözlüklerimi arabada bıraktım.
sunlight,Güneş ışığı,Our new flat gets a lot of sunlight.,Yeni dairemiz çok fazla güneş ışığı alıyor.
sunny,güneşli,Today is very sunny.,Bugün çok güneşli.
sunrise,gündoğumu,They watched the sunrise.,Gün doğumu izlediler.
sure,Elbette,Are you sure that you saw her?,Onu gördüğünden emin misin?
sweater,Kazak,Put your sweater on!,Kazanınızı takın!
swim,yüzmek,I like to swim in the sea.,Denizde yüzmeyi seviyorum.
swimmer,yüzücü,Mark is a good swimmer.,Mark iyi bir yüzücü.
system,sistem,What do you think of the education system?,Eğitim sistemi hakkında ne düşünüyorsunuz?
table,masa,This table is always dusty.,Bu tablo her zaman tozludur.
table tennis,masa Tenisi,I used to play table tennis.,Masa tenisi oynardım.
take,almak,Take the book from the table.,Kitabı masadan alın.
talk,konuşmak,I talk to my mother every day on the phone.,Annemle her gün telefonda konuşuyorum.
tap,musluk,This tap is leaking.,Bu musluk sızıyor.
tax,vergi,I have paid my taxes to the government.,Vergilerimi hükümete ödedim.
taxi,taksi,I came by taxi.,Taksi ile geldim.
tea,çay,Do you want some tea?,Biraz çay ister misiniz?
teach,öğretmek,Teach me how to dance.,Bana nasıl dans edileceğini öğret.
teacher,Öğretmen,She is a good teacher.,O iyi bir öğretmen.
team,takım,My team won the basketball match.,Ekibim basketbol maçını kazandı.
teapot,çaydanlık,Please bring the teapot from the kitchen.,Lütfen çaydanlıktan mutfaktan getirin.
telegraph,telgraf,They sent the news by telegraph.,Haberleri Telegraph tarafından gönderdiler.
telephone,telefon,The telephone isn't working.,Telefon çalışmıyor.
television,televizyon,This television is very old.,Bu televizyon çok eski.
tell,söylemek,He tells me lies all the time.,Bana her zaman yalan söylediğini söylüyor.
temperature,sıcaklık,The temperature was 40°C today.,Sıcaklık bugün 40 ° C idi.
test,Ölçek,Have you passed the test?,Testi geçtin mi?
textbook,ders kitabı,Our new textbook has interesting stories.,Yeni ders kitabımızın ilginç hikayeleri var.
than,hariç,I am taller than you.,Senden daha uzunum.
thank,teşekkür etmek,Thank you very much.,Çok teşekkür ederim.
thanks,teşekkürler,She accepted the gift with words of thanks.,Hediyeyi teşekkür sözleriyle kabul etti.
that,O,That house is for sale.,O ev satılık.
the,.,Give me the book.,Kitabı bana ver.
theatre,tiyatro,Shall we go to the theatre tonight?,Bu gece tiyatroya gidecek miyiz?
their,onların,Their house is very big.,Evleri çok büyük.
theirs,onların,Is this car theirs?,Bu araba onların mı?
them,onlara,I will see them tomorrow.,Onları yarın göreceğim.
themselves,kendileri,They painted the walls themselves.,Duvarları kendileri boyadılar.
then,Daha sonra,I'll be in Paris by then.,O zamana kadar Paris'te olacağım.
there,Orası,When did yo go there?,Oraya ne zaman gittin?
these,bunlar,Are these your books?,Bunlar senin kitapların mı?
they,Onlar,They went to America last year.,Geçen yıl Amerika'ya gittiler.
thing,şey,What is the name of that thing?,O şeyin adı nedir?
think,düşünmek,Can animals think?,Hayvanlar düşünebilir mi?
third,üçüncü,This is the third beer you have drunk.,Bu sarhoş olduğun üçüncü bira.
this,Bu,This is a dictionary.,Bu bir sözlük.
those,onlar,Those shoes are mine.,Bu ayakkabılar benim.
through,başından sonuna kadar,He walked through the park.,Parktan geçti.
throw,fırlatmak,Don't throw your rubbish in the streets.,Çöpünüzü sokaklara atmayın.
thursday,Perşembe,The ship arrived in London on Thursday.,Gemi Perşembe günü Londra'ya geldi.
ticket,bilet,"I want two tickets, please.",İki bilet istiyorum lütfen.
time,zaman,Don't waste your time.,Zamanınızı boşa harcamayın.
tired,yorgun,I'm very tired.,Çok yorgunum.
to,ile,He went to Berlin.,Berlin'e gitti.
today,Bugün,Today is Tuesday.,Bugün salı.
toe,ayak parmağı,I hurt my toes when I was dancing.,Dans ederken ayak parmaklarımı incittim.
together,birlikte,They went to the concert together.,Birlikte konsere gittiler.
tomorrow,Yarın,What are you doing tomorrow?,Yarın ne yapıyorsun?
tonight,bu akşam,Tonight I'm going to the cinema.,Bu gece sinemaya gidiyorum.
too,fazla,Will you come too?,Sen de gelecek misin?
tooth,diş,The dentist wants to pull my tooth out.,Diş hekimi dişimi dışarı çekmek istiyor.
toothache,diş ağrısı,I've got toothache.,Dişim ağrıyor.
toothbrush,diş fırçası,I want to buy a new toothbrush.,Yeni bir diş fırçası almak istiyorum.
toothpaste,diş macunu,He cleaned his teeth with toothpaste.,Dişlerini diş macunu ile temizledi.
top,tepe,He stood at the top of the hill.,Tepenin tepesinde durdu.
total,Toplam,The total cost of building is still unknown.,Binanın toplam maliyeti hala bilinmiyor.
towards,karşı,He ran towards the train.,Trene doğru koştu.
town,şehir,Falmouth is a small town.,Falmouth küçük bir kasaba.
toy,oyuncak,The child broke his toy.,Çocuk oyuncağını kırdı.
traffic,trafik,The traffic is very bad.,Trafik çok kötü.
train,tren,The train is late.,Tren geç.
tray,tepsi,She put the glasses on the tray.,Gözlükleri tepsiye koydu.
tree,ağaç,There are many birds in this tree.,Bu ağaçta birçok kuş var.
trouble,bela,What's your trouble?,Sorunun ne?
be in trouble,sıkıntıda olmak,I'm in trouble.,Zor durumdayım.
get into trouble,başı belaya girmek,He got into trouble again.,Tekrar başı belaya girdi.
true,doğru,That news is not true.,Bu haber doğru değil.
truth,gerçek,Tell me the truth.,Bana gerçeği söyle.
try,denemek,Try this pencil. It's better.,Bu kalemi deneyin. Daha iyi.
tuesday,Salı,Next meeting will be on Tuesday.,Bir sonraki toplantı Salı günü olacak.
turn,dönüş,The car turned the corner.,Araba köşeyi döndü.
turn off,kapamak,Turn the light off.,Işığı kapatın.
turn on,aç,Will you please turn on the radio?,Lütfen radyoyu açar mısınız?
tv,televizyon,There is a good film on TV tonight.,Bu gece televizyonda iyi bir film var.
twice,iki kere,I've seen that film twice.,O filmi iki kez izledim.
ugly,çirkin,What an ugly building!,Ne çirkin bir bina!
umbrella,şemsiye,I left my umbrella at home.,Şemsiyemi evde bıraktım.
under,altında,He hid under the bed.,Yatağın altına saklandı.
underground,yeraltı,We used the underground passage.,Yeraltı pasajını kullandık.
understand,anlamak,I didn't understand anything.,Hiçbir şey anlamadım.
until,değin,I won't start until you come.,Sen gelene kadar başlamayacağım.
up,yukarı,They climbed up the hill.,Tepeye tırmandılar.
us,biz,She told us a story.,Bize bir hikaye anlattı.
use,kullanmak,May I use your telephone?,Telefonunuzu kullanabilir miyim?
useful,kullanışlı,This is a useful dictionary.,Bu yararlı bir sözlük.
usually,genellikle,He usually has lunch at school.,Genellikle okulda öğle yemeği yiyor.
vase,vazo,There was a red rose in the vase.,Vazoda kırmızı bir gül vardı.
verb,fiil,Begin is a verb.,Başlamak bir fiildir.
very,çok,You're very clever.,Çok zekisin.
video,video,Have you got a video?,Videonun var mı?
view,görüş,What a beuatiful view!,Ne kadar müstehcen bir görüş!
village,köy,I was born in a small village.,Küçük bir köyde doğdum.
wait,Beklemek,I'm waiting for the bus.,Otobüsü bekliyorum.
waiter,garson,Call the waiter.,Garsonu arayın.
waitress,Bayan garson,There are 5 waitresses at this restaurant.,Bu restoranda 5 garson var.
walk,yürümek,We've been walking for hours.,Saatlerdir yürüyoruz.
wall,duvar,I hung the pictures on the wall.,Resimleri duvara astım.
want,istek,I want to go home.,Eve gitmek istiyorum.
warm,ılık,The weather was warm yesterday.,Dün hava sıcaktı.
was,olmuş,She was at the bus stop.,Otobüs durağındaydı.
wash,yıkamak,Wash your hands before you start eating.,Yemeye başlamadan önce ellerinizi yıkayın.
watch,kol saati,They are watching television.,Televizyon izliyorlar.
water,su,Drink some water.,Biraz su iç.
watermelon,karpuz,The watermelon I bought yesterday was delicious.,Dün satın aldığım karpuz lezzetliydi.
way,yol,"Show me the way, please.",Bana yolu göster lütfen.
we,Biz,We are your friends.,Biz senin arkadaşlarınız.
wear,giymek,Why don't you wear your new skirt?,Neden yeni eteğini giymiyorsun?
weather,hava durumu,What's the weather like there?,Orada havalar nasıl?
wednesday,Çarşamba,The students go to the cinema on Wednesday.,Öğrenciler Çarşamba günü sinemaya gidiyorlar.
week,hafta,There are 52 weeks in a year.,Yılda 52 hafta var.
weekend,hafta sonu,What are you doing at the weekend?,Hafta sonu ne yapacaksın?
weight,ağırlık,What's the weight of that stone?,O taşın ağırlığı nedir?
well,Peki,You don't look well.,İyi görünmüyorsun.
what,Ne,What do you want from me?,Benden ne istiyorsun?
when,Ne zaman,When are you leaving?,Ne zaman ayrılıyorsun?
where,Neresi,Where do you want to go?,Nereye gitmek istersin?
which,Hangi,Which bag is yours?,Hangi çanta senin?
whistle,ıslık,I opened the window when I heard his whistle.,Düdüğünü duyduğumda pencereyi açtım.
white,beyaz,Where are my white socks?,Beyaz çoraplarım nerede?
who,DSÖ,Who are you?,Sen kimsin?
whole,tüm,She ate the whole cake.,Bütün pastayı yedi.
whom,kime,Whom did you visit last week?,Geçen hafta kimi ziyaret ettin?
whose,kimin,Whose gloves are these?,Bunlar kimin eldivenleri?
why,Neden,Why did you go there?,Neden oraya gittin?
wide,geniş,This river is very wide.,Bu nehir çok geniş.
wife,eş,My wife works is a bank.,Eşim Works bir banka.
will,irade,I will be there in 10 minutes.,10 dakika içinde orada olacağım.
will you,mısın,Will you please open the door?,Lütfen kapıyı açar mısınız?
win,kazanç,I think he is going to win the race.,Bence yarışı kazanacak.
window,pencere,"Can you clean the windows, too?",Pencereleri de temizleyebilir misin?
windy,rüzgarlı,I get a headache on windy days.,Rüzgarlı günlerde baş ağrısı alıyorum.
winter,kış,Winter is the coldest season.,Kış en soğuk mevsimdir.
wish,dilek,I wish you success in your new job.,Yeni işinizde başarı diliyorum.
with,ile,Come with me.,Benimle gel.
without,olmadan,I went there without money.,Oraya parasız gittim.
woman,kadın,What a nice woman!,Ne güzel bir kadın!
wonderful,müthiş,You're wonderful tonight!,Bu gece harikasın!
word,kelime,I don't believe a word you say!,Söylediğin bir kelimeye inanmıyorum!
work,iş,I don't work on Sundays.,Pazar günleri çalışmıyorum.
workman,işçi,The workmen have almost finished the bridge.,İşçiler neredeyse köprüyü bitirdiler.
world,dünya,The world is round.,Dünya yuvarlak.
worry,endişelenmek,My mother's illness worries me.,Annemin hastalığı beni endişelendiriyor.
write,yazmak,Write your name on the blackboard.,Adınızı tahtaya yazın.
wrong,yanlış,Is my answer wrong?,Cevabım yanlış mı?
year,yıl,I've been in Berlin for five years.,Beş yıldır Berlin'deyim.
yellow,sarı,I gave my yellow T-shirt to my brother.,Sarı tişörtümü kardeşime verdim.
yes,Evet,She said yes.,O evet dedi.
yesterday,Dün,Where were you yesterday?,Dün neredeydin?
yet,henüz,It isn't dark yet.,Henüz karanlık değil.
yoghurt,yoğurt,She ate all the yoghurt,Tüm yoğurt yedi
you,Sen,You are my best friend.,Sen benim en iyi arkadaşımsın.
young,genç,Joe is the youngest student in our classroom.,Joe sınıfımızdaki en genç öğrencidir.
your,senin,Is this your book?,Bu senin kitabın mı?
yours,seninki,This pen is yours.,Bu kalem senin.
yourself,kendin,Do it yourself!,Kendin Yap!
zero,sıfır,It was nine below zero last night.,Dün gece sıfırın dokuzunun altındaydı.
zoo,hayvanat bahçesi,Your friends are at the zoo.,Arkadaşlarınız hayvanat bahçesinde.